CP,Provincia,Localidad
6634, Buenos Aires, PLA
9420, Santa Cruz, TAPI AIKE
8324, Rio Negro, CUATRO ESQUINAS
8312, Neuquen, Confluencia / Gran Neuquén
8332, Rio Negro, GENERAL ROCA
6640, Buenos Aires, BRAGADO
5968, Cordoba, [Interior de Córdoba - Zona Río Segundo]
5500, Mendoza, PLAZA DE MULAS
5158, Cordoba, LAS CASITAS
5151, Cordoba, EL PASTOR
5186, Cordoba, LA PAISANITA
5196, Cordoba, LA CHOZA
5000, Cordoba, CORDOBA
5111, Cordoba, LA ESTANCITA
5152, Cordoba, ESTANCIA VIEJA
5220, Cordoba, LA COTITA
5105, Cordoba, LA REDUCCION
5113, Cordoba, SALSIPUEDES
5223, Cordoba, TRONCO POZO
5280, Cordoba, LA TOMA
2550, Cordoba, ESTACION BELL VILLE
5856, Cordoba, EMBALSE
5194, Cordoba, LA CUMBRECITA
2580, Cordoba, PUEBLO ARGENTINO
5189, Cordoba, LA SERRANITA
5101, Cordoba, LA PUERTA
2000, Santa Fe, ROSARIO
2700, Buenos Aires, TAMBO NUEVO
5501, Mendoza, CERRILLOS AL SUD
9400, Santa Cruz, LAS HORQUETAS
3106, Entre Rios, Parana
5413, San Juan, VILLA JUAN XXIII
2126, Santa Fe, PUEBLO ESTHER
2900, Buenos Aires, SAN NICOLAS DE LOS ARROYOS
3000, Santa Fe, PUEBLO CANDIOTI
3001, Santa Fe, SALADERO M CABAL
3016, Santa Fe, SAN JOSE
2505, Santa Fe, CAMPO LA RIVIERE
5507, Mendoza, LUJAN DE CUYO
5515, Mendoza, MAIPU
5539, Mendoza, PO VALLE HERMOSO
5519, Mendoza, SAN JOSE
1624, Buenos Aires, Rincón de Milberg / Tigre
2002, Santa Fe, Rosario
3202, Entre Rios, Concordia
8521, Rio Negro, CONA NIYEU
8532, Chubut, PUERTO LOBOS
9100, Chubut, TRELEW
9120, Chubut, PUERTO MADRYN
2003, Santa Fe, Rosario
5600, Mendoza, PUESTO EL JILGUERO
3100, Entre Rios, PUERTO VIEJO
5164, Cordoba, SANTA MARIA DE PUNILLA
5730, San Luis, PEDERNERA
5870, Cordoba, LA CONCEPCION
5891, Cordoba, LA GUARDIA
5584, Mendoza, PALMIRA
5442, San Juan, RINCON
5400, San Juan, SAN JUAN
6070, Buenos Aires, VIGELENCIA
9200, Chubut, NAHUEL PAN ESTACION FCGR
5533, Mendoza, PASO DEL CISNE
3183, Entre Rios, SAUCE NORTE
3260, Entre Rios, PUERTO VIEJO
5986, Cordoba, ONCATIVO
8109, Buenos Aires, VILLA DEL MAR
5700, San Luis, PESCADORES
2005, Santa Fe, Rosario
2915, Buenos Aires, RAMALLO
6660, Buenos Aires, SANTIAGO GARBARINI
2400, Cordoba, LA MILKA
2438, Santa Fe, FRONTERA
5843, Cordoba, ADELIA MARIA
6620, Buenos Aires, PUENTE BATALLA
6360, La Pampa, SAN IGNACIO
8000, Buenos Aires, VILLA FLORESTA
5521, Mendoza, VILLA NUEVA
2820, Entre Rios, PUEBLO NUEVO
3200, Entre Rios, PASO MARGARIÃ‘OS
3190, Entre Rios, PUERTO MARQUEZ
9000, Chubut, MANANTIALES BEHR
5427, San Juan, QUINTO CUARTEL
6369, La Pampa, ZONA RURAL
5505, Mendoza, CHACRAS DE CORIA
2600, Santa Fe, SAN MARCOS DE VENADO TUERTO
2132, Santa Fe, GRANADERO B BARGAS
9410, Tierra del Fuego, ESTANCIA HARBERTON
5900, Cordoba, LA HERRADURA
6000, Buenos Aires, VILLA ORTEGA
2009, Santa Fe, Rosario
9001, Chubut, RADA TILLY
5166, Cordoba, EL PERCHEL
2503, Santa Fe, VILLA ELOISA
9103, Chubut, SOL DE MAYO
9105, Chubut, LOMA REDONDA
2154, Santa Fe, VILLA CASSINI
2200, Santa Fe, SAN LORENZO
2740, Buenos Aires, PUENTE CAÃ‘ETE
5903, Cordoba, VILLA DEL PARQUE
2434, Cordoba, LA CURVA
5438, San Juan, PUENTE RUFINO
5800, Cordoba, RIO CUARTO
3080, Santa Fe, PUJATO NORTE
2506, Santa Fe, CORREA
5425, San Juan, SANTA CLARA
6740, Buenos Aires, VILLAFAÃ‘E
5901, Cordoba, LA LAGUNA
6303, La Pampa, RAMON QUINTAS
2152, Santa Fe, GRANADERO BAIGORRIA
2170, Santa Fe, COLONIA CANDELARIA
2643, Santa Fe, EL CANTOR
2500, Santa Fe, VILLA LA RIBERA
5109, Cordoba, LAS CUSENADAS
2134, Santa Fe, ROLDAN
2144, Santa Fe, TOTORAS
2607, Santa Fe, VILLA CAÃ‘AS
2751, Buenos Aires, ALMACEN CASTRO
2914, Buenos Aires, VILLA RAMALLO EST FFCC
2011, Santa Fe, Rosario
2189, Cordoba, CRUZ ALTA
5107, Cordoba, LA QUEBRADA
3153, Entre Rios, PUENTE VICTORIA
5963, Cordoba, LA ISLETA
5972, Cordoba, LAGUNILLA
5941, Cordoba, LAS VARAS
5805, Cordoba, LAS HIGUERAS
5517, Mendoza, LUNLUNTA
5527, Mendoza, VILLA LOS CORRALITOS
5529, Mendoza, PEDREGAL
2108, Santa Fe, Soldini (Gran Rosario)
7300, Buenos Aires, VICENTE PEREDA
8328, Rio Negro, EL MANZANO
2242, Santa Fe, SAN FABIAN
3122, Entre Rios, PUEBLO MORENO
5940, Cordoba, LAS VARILLAS
5701, San Luis, POTRERO DE LOS FUNES
3280, Entre Rios, PUERTO COLORADO
2592, Cordoba, GENERAL ROCA
2826, Entre Rios, RINCON DEL CINTO
2252, Santa Fe, GALVEZ
2717, Buenos Aires, ACEVEDO
3116, Entre Rios, COLONIA MEROU
5172, Cordoba, LA QUEBRADA
2630, Santa Fe, VILLA FREDRICKSON
7400, Buenos Aires, PUEBLO NUEVO
5570, Mendoza, SAN MARTIN
2508, Santa Fe, CAMPO LA AMISTAD
2573, Santa Fe / Córdoba, -
8300, Neuquen, RINCON DE EMILIO
3240, Entre Rios, PARAJE GUAYABO
6100, Santa Fe, RUFINO
5710, San Luis, LA PUNTA
5547, Mendoza, VILLA HIPODROMO
5411, San Juan, SANTA LUCIA
2173, Santa Fe, SANFORD
2901, Buenos Aires, San Nicolás de los Arroyos
6221, La Pampa, INTENDENTE ALVEAR
2953, Buenos Aires, Gobernador Castro (Partido de San Pedro)
5513, Mendoza, LUZURIAGA
5738, Cordoba, PAUNERO
5523, Mendoza, VILLA SUAVA
8153, Buenos Aires, BALNEARIO SAUCE GRANDE
5933, Cordoba, EL PORTEÃ‘O
6400, Buenos Aires, TRENQUE LAUQUEN
3228, Entre Rios, SURST
9107, Chubut, LAS CHAPAS
3206, Entre Rios, PUERTO ALGARROBO
8309, Neuquen, CENTENARIO
8303, Rio Negro, CINCO SALTOS
3004, Santa Fe, Santa Fe Capital
2594, Cordoba, LA REDUCCION
2840, Entre Rios, PUERTO BARRILES
2136, Santa Fe, SAN GERONIMO
2670, Cordoba, LA CARLOTA
2240, Santa Fe, CORONDA
2722, Santa Fe, WHEELWRIGHT
5850, Cordoba, FABRICA MILITAR RIO TERCERO
2720, Buenos Aires, COLON
3105, Entre Rios, PUERTO DIAMANTE
2202, Santa Fe, PUEBLO KIRSTON
5525, Mendoza, PRIMAVERA
2553, Cordoba, JUSTINIANO POSSE
5531, Mendoza, SANTA BLANCA
5001, Cordoba, CORDOBA
5511, Mendoza, GENERAL GUTIERREZ
2919, Santa Fe, VILLA CONSTITUCION
5577, Mendoza, VILLA RIVADAVIA
5145, Cordoba, EST JUAREZ CELMAN
8305, Neuquen, AGUADA SAN ROQUE
5439, San Juan, PUNTILLA NEGRA
2300, Santa Fe, PUEBLO TERRAGNI
3040, Santa Fe, SAN JUSTO
3192, Entre Rios, PUERTO CADENAS
5509, Mendoza, PERDRIEL
6500, Buenos Aires, VILLA DIAMANTINA
5003, Cordoba, CORDOBA
8336, La Pampa, GOBERNADOR DUVAL
5415, San Juan, RANCHOS DE FAMACOA
5125, Cordoba, LA CELINA
5823, Cordoba, LAS PEÃ‘AS NORTE
2138, Santa Fe, SEMINO
2589, Cordoba, MONTE BUEY
3174, Entre Rios, PUEBLO PRIMERO
5004, Cordoba, CORDOBA
6550, Buenos Aires, SANTA ISABEL
6300, La Pampa, SANTA ROSA
6333, La Pampa, SANTA ELVIRA
7530, Buenos Aires, TEJO GALETA
8170, Buenos Aires, PIGUE
6380, La Pampa, ZONA URBANA NORTE
5155, Cordoba, EL VERGEL
3265, Entre Rios, PUENTE DE GUALEGUAYCHU
5121, Cordoba, SAN ANTONIO
5168, Cordoba, LA USINA
5133, Cordoba, LA CIENAGA
5200, Cordoba, LA MESADA
5917, Cordoba, LUCA
5153, Cordoba, LAS ENSENADAS
5864, Cordoba, EL TORREON
5854, Cordoba, LA CASCADA
5191, Cordoba, POTRERO DE LUJAN
2421, Cordoba, LOS DESAGUES
5149, Cordoba, EL ZAINO
5435, Mendoza, PUESTO ISLA CHAÃ‘AR
8138, La Pampa, SALINAS GRANDES  ANZOATEGUI
8400, Neuquen, ISLA VICTORIA
6207, La Pampa, ALTA ITALIA
6435, Buenos Aires, VUELTA DE ZAPATA
6230, Buenos Aires, GENERAL VILLEGAS
8360, Neuquen, BUENA ESPERANZA
5960, Cordoba, RIO SEGUNDO
5921, Cordoba, LAS PERDICES
5923, Cordoba, GENERAL DEHEZA
5813, Cordoba, LA SIERRITA
5936, Cordoba, SAN ANTONIO DE YUCAT
2568, Cordoba, LAS LAGUNITAS
5817, Cordoba, LA DORMIDA
5809, Cordoba, GENERAL CABRERA
5829, Cordoba, LAGUNA SECA
5913, Cordoba, LA PALMERINA
5847, Cordoba, FRAGUEYRO
2686, Cordoba, ALEJANDRO ROCA
2417, Cordoba, LA PAQUITA
5815, Cordoba, ELENA
5980, Cordoba, OLIVA
5197, Cordoba, EL PARADOR DE LA MONTAÃ‘A
5967, Cordoba, GALPON CHICO
2555, Cordoba, PUEBLO VIEJO
5931, Cordoba, LAS ISLETILLAS
5919, Cordoba, DALMACIO VELEZ SARSFIELD
2572, Cordoba, LAS MERCEDITAS
5006, Cordoba, CORDOBA
5947, Cordoba, POZO DEL AVESTRUZ
5984, Cordoba, JAMES CRAIK
2854, Entre Rios, PEHUAJO SUD
3170, Entre Rios, PUEBLO NUEVO
2705, Buenos Aires, PIRUCO
6450, Buenos Aires, SANTA CECILIA SUD
2752, Buenos Aires, RETIRO SAN PABLO
2432, Cordoba, EL TIO
5008, Cordoba, CORDOBA
2156, Santa Fe, VILLA GARIBALDI
8370, Neuquen, EL PORVENIR
2615, Santa Fe, SAN EDUARDO
5929, Cordoba, HERNANDO
2128, Santa Fe, ARROYO SECO
8371, Neuquen, LA UNION
2718, Buenos Aires, VILLA DA FONTE
2181, Santa Fe, LOS MOLINOS
2121, Santa Fe, SAN SEBASTIAN
5127, Cordoba, LAS CABRAS
5009, Cordoba, CORDOBA
2105, Santa Fe, ZAMPONI
2124, Santa Fe, PUEBLO NUEVO
8430, Chubut, LAS GOLONDRINAS
2183, Santa Fe, PUEBLO AREQUITO
2201, Santa Fe, RICARDONE
2123, Santa Fe, PUJATO
5573, Mendoza, COLONIA DELFINO
2413, Cordoba, LA UDINE
5825, Cordoba, LA LAGUNILLA
5943, Cordoba, SATURNINO M LASPIUR
5807, Cordoba, LAGUNILLAS
5236, Cordoba, LAS BANDURRIAS
3283, Entre Rios, PERUCHO VERNA
3218, Entre Rios, VILLAGUAYCITO
5192, Cordoba, DIQUE LOS MOLINOS
2426, Cordoba, LA FRANCIA
2741, Buenos Aires, SALTO
3180, Entre Rios, SUBCENTRAL SANTA MARIA
5467, San Juan, RINCON DE LA OLLITA
5010, Cordoba, CORDOBA
5221, Cordoba, LA PORTEÃ‘A
8504, Buenos Aires, TERMAS LOS GAUCHOS
5011, Cordoba, CORDOBA
3017, Santa Fe, SAN AGUSTIN
2424, Cordoba, EL TRABAJO
5012, Cordoba, CORDOBA
2185, Santa Fe, SAN JOSE DE LA ESQUINA
8316, Neuquen, BALSA SENILLOSA
8103, Buenos Aires, SPURR
8118, Buenos Aires, CABILDO
5013, Cordoba, CORDOBA
5407, San Juan, RIO SASO
5541, Mendoza, PASO HONDO
7263, Buenos Aires, GENERAL ALVEAR
5585, Mendoza, MEDRANO
2559, Cordoba, LAS OVERIAS
2218, Santa Fe, CLARKE
5014, Cordoba, CORDOBA
5016, Cordoba, CORDOBA
5123, Cordoba, KILOMETRO 679
5969, Cordoba, ESTACION CALCHIN
5974, Cordoba, LAGUNA LARGA
8407, Neuquen, EL MACHETE
2208, Santa Fe, PUERTO GABOTO
5535, Mendoza, PROGRESO
2587, Cordoba, ENFERMERA KELLY
5549, Mendoza, PETROLEO
5419, San Juan, VILLA GENERAL SAN MARTIN
5582, Mendoza, MASA
5603, Mendoza, PEDRO VARGAS
2618, Santa Fe, CARMEN
6007, Buenos Aires, ARRIBEÃ‘OS
6330, La Pampa, SAN JUSTO
7318, Buenos Aires, VILLA MONICA
5017, Cordoba, CORDOBA
5019, Cordoba, CORDOBA
6237, Buenos Aires, RIVADAVIA
5021, Cordoba, CORDOBA
3262, Entre Rios, PALACIO SAN JOSE
9011, Santa Cruz, LA ESTHER
8136, Buenos Aires, SAN JOSE
5022, Cordoba, CORDOBA
7414, Buenos Aires, SANTA ELENA
2681, Cordoba, ETRURIA
8150, Buenos Aires, SAUCE GRANDE
2187, Santa Fe, COLONIA LAGO DI COMO
3103, Entre Rios, VILLA AIDA
5613, Mendoza, PORTEZUELO CHOIQUE
2206, Santa Fe, RINCON DE GRONDONA
2142, Santa Fe, SALTO GRANDE
5560, Mendoza, PORTILLO DEL DIABLO
3117, Entre Rios, SEGUI
3201, Entre Rios, PUERTO YERUA
6015, Buenos Aires, CAMPO COLIQUEO
5047, Cordoba, CORDOBA
6013, Buenos Aires, BAIGORRITA
5945, Cordoba, LA POBLADORA
5443, San Juan, PUNTILLA BLANCA
2512, Santa Fe, SAN GUILLERMO
5503, Mendoza, PASO DE LOS ANDES
6030, Buenos Aires, SAUZALES
5147, Cordoba, CORDOBA
6022, Buenos Aires, SAFORCADA
1609, Buenos Aires, BOULOGNE
5402, San Juan, San Juan / Gran San Juan
6001, Buenos Aires, RAFAEL OBLIGADO
8322, Neuquen, CUTRAL CO
5417, San Juan, TIERRA ADENTRO
5176, Cordoba, VILLA GIARDINO
5949, Cordoba, LA TIGRA
5406, San Juan, San Juan / Gran San Juan
3009, Santa Fe, SAN CARLOS NORTE
4400, Salta, SALTA
5174, Cordoba, HUERTA GRANDE
5416, San Juan, San Juan / Gran San Juan
7214, Buenos Aires, CACHARI
6005, Buenos Aires, GENERAL ARENALES
2419, Cordoba, SEEBER
5504, Mendoza, Guaymallén / Gran Mendoza
5719, San Luis, PORTEZUELO
2843, Entre Rios, QUINTO DISTRITO
6385, La Pampa, INGENIERO FOSTER
3101, Entre Rios, PUERTO LAS CUEVAS
5520, Mendoza, Maipú / Gran Mendoza
5819, Cordoba, LAS GAMAS
5965, Cordoba, LAS JUNTURAS
5664, Mendoza, [Interior de Mendoza - Zona Sur / San Rafael]
5727, San Luis, [Interior de San Luis]
7303, Buenos Aires, TAPALQUE
2743, Buenos Aires, TACUARI
2823, Entre Rios, PUENTE Ã‘ANCAY
5961, Cordoba, RINCON
5543, Mendoza, MATHEU NORTE
7316, Buenos Aires, SHAW
2933, Buenos Aires, COLONIA VELEZ
3003, Santa Fe, COLONIA LOS ZAPALLOS
6272, Buenos Aires, [Interior de Buenos Aires - Noroeste]
2415, Cordoba, PORTEÃ‘A
6346, Buenos Aires, PELLEGRINI
6530, Buenos Aires, SANTO TOMAS
5909, Cordoba, LAS MOJARRAS
7513, Buenos Aires, ADOLFO GONZALES CHAVES
8301, Neuquen, PLANICIE BANDERITA
8325, Rio Negro, [Zona Alto Valle]
5911, Cordoba, LA PLAYOSA
5750, San Luis, PIEDRAS BLANCAS
9403, Santa Cruz, Río Gallegos / Extensión
5859, Cordoba, LA CRUZ
5460, San Juan, RINCON COLORADO
2725, Santa Fe, SANTA EMILIA
5845, Cordoba, BULNES
7500, Buenos Aires, TRES ARROYOS
5862, Cordoba, VILLA DEL DIQUE
2754, Buenos Aires, TODD
7311, Buenos Aires, SAN RAMON DE ANCHORENA
2677, Cordoba, UCACHA
5801, Cordoba, LA MESADA
6326, La Pampa, SAN JOSE  ANGUIL
5620, Mendoza, VILLA COMPARTO
3164, Entre Rios, PUEBLITO
2563, Cordoba, LA CAJUELA
5009, Cordoba, CORDOBA
5010, Cordoba, CORDOBA
5021, Cordoba, CORDOBA
5001, Cordoba, CORDOBA
5014, Cordoba, CORDOBA
5016, Cordoba, CORDOBA
